"0","gpa = read_csv(""https://raw.githubusercontent.com/wadefagen/datasets/master/gpa/uiuc-gpa-dataset.csv"")
"
"1","[1mRows: [22m[34m58613[39m [1mColumns: [22m[34m22[39m
"
"1","[36m──[39m [1mColumn specification[22m [36m────────────────────────────────────────────────────────────────[39m
[1mDelimiter:[22m "",""
[31mchr[39m  (6): Term, YearTerm, Subject, Course Title, Sched Type, Primary Instructor
[32mdbl[39m (16): Year, Number, A+, A, A-, B+, B, B-, C+, C, C-, D+, D, D-, F, W
"
"1","
[36mℹ[39m Use [38;5;235m[48;5;253m[38;5;235m[48;5;253m`spec()`[48;5;253m[38;5;235m[49m[39m to retrieve the full column specification for this data.
[36mℹ[39m Specify the column types or set [38;5;235m[48;5;253m[38;5;235m[48;5;253m`show_col_types = FALSE`[48;5;253m[38;5;235m[49m[39m to quiet this message.
"
