{"chunk_definitions":[{"row":10,"row_count":1,"visible":true,"expansion_state":0,"options":{"engine":"r","label":"unnamed-chunk-5"},"document_id":"F3C8B40A","chunk_id":"czylyq0rneocl","chunk_label":"unnamed-chunk-1"},{"row":17,"row_count":1,"visible":true,"expansion_state":0,"options":{"engine":"r","label":"unnamed-chunk-6"},"document_id":"F3C8B40A","chunk_id":"ch1agvwe92shp","chunk_label":"unnamed-chunk-2"},{"row":28,"row_count":1,"visible":true,"expansion_state":0,"options":{"engine":"r","label":"unnamed-chunk-7"},"document_id":"F3C8B40A","chunk_id":"clvn65idrvuyt","chunk_label":"unnamed-chunk-3"},{"row":35,"row_count":1,"visible":true,"expansion_state":0,"options":{"engine":"r","label":"unnamed-chunk-10"},"document_id":"F3C8B40A","chunk_id":"cw9bb56h6w8ng","chunk_label":"unnamed-chunk-4"},{"row":56,"row_count":1,"visible":true,"expansion_state":0,"options":{"engine":"r","label":"unnamed-chunk-12"},"document_id":"F3C8B40A","chunk_id":"ccdjkmhx3f0wu","chunk_label":"unnamed-chunk-5"},{"row":62,"row_count":1,"visible":true,"expansion_state":0,"options":{"engine":"r","label":"unnamed-chunk-16"},"document_id":"F3C8B40A","chunk_id":"cl7hwkw1kherg","chunk_label":"unnamed-chunk-6"},{"row":77,"row_count":1,"visible":true,"expansion_state":0,"options":{"engine":"r","label":"unnamed-chunk-19"},"document_id":"F3C8B40A","chunk_id":"ckz2wymxxjnzn","chunk_label":"unnamed-chunk-7"},{"row":84,"row_count":1,"visible":true,"expansion_state":0,"options":{"engine":"r","label":"unnamed-chunk-21"},"document_id":"F3C8B40A","chunk_id":"cw5vwvbo5d5fs","chunk_label":"unnamed-chunk-8"},{"row":104,"row_count":1,"visible":true,"expansion_state":0,"options":{"engine":"r","label":"unnamed-chunk-22"},"document_id":"F3C8B40A","chunk_id":"cts5s8lvfrw9g","chunk_label":"unnamed-chunk-9"}],"doc_write_time":1637115566,"chunk_rendered_width":663}