"0","ipf = read_csv(""data/openipf-2021.csv"")
"
"1","[1mRows: [22m[34m34302[39m [1mColumns: [22m[34m41[39m
"
"1","[36m──[39m [1mColumn specification[22m [36m────────────────────────────────────────────────────────────────[39m
[1mDelimiter:[22m "",""
[31mchr[39m  (18): Name, Sex, Event, Equipment, AgeClass, BirthYearClass, Division, WeightCl...
[32mdbl[39m  (19): Age, BodyweightKg, Squat1Kg, Squat2Kg, Squat3Kg, Best3SquatKg, Bench1Kg, ...
[33mlgl[39m   (3): Squat4Kg, Bench4Kg, Deadlift4Kg
[34mdate[39m  (1): Date
"
"1","
[36mℹ[39m Use [38;5;235m[48;5;253m[38;5;235m[48;5;253m`spec()`[48;5;253m[38;5;235m[49m[39m to retrieve the full column specification for this data.
[36mℹ[39m Specify the column types or set [38;5;235m[48;5;253m[38;5;235m[48;5;253m`show_col_types = FALSE`[48;5;253m[38;5;235m[49m[39m to quiet this message.
"
